<?xml version="1.0" encoding="UTF-8"?>
<project-private xmlns="http://www.netbeans.org/ns/project-private/1">
    <editor-bookmarks xmlns="http://www.netbeans.org/ns/editor-bookmarks/2" lastBookmarkId="0"/>
    <open-files xmlns="http://www.netbeans.org/ns/projectui-open-files/2">
        <group>
            <file>file:/C:/Users/Froylan%20Lara%20Oses/Desktop/Compi/Py%2002/Git/PY2-AnalizadorSemantico/Analizador/src/sintaxis/Syntax.cup</file>
            <file>file:/C:/Users/Froylan%20Lara%20Oses/Desktop/Compi/Py%2002/Git/PY2-AnalizadorSemantico/Analizador/src/sintaxis/AnalixadorSintactico.java</file>
            <file>file:/C:/Users/Froylan%20Lara%20Oses/Desktop/Compi/Py%2002/Git/PY2-AnalizadorSemantico/Analizador/src/sintaxis/LexerCup</file>
        </group>
    </open-files>
</project-private>
